latitude,longitude,velocity,time,voltage,current
4753.64111328,1132.20678711,0.57200003,2434.00000000,0.99599999,0.30000001
4753.64013672,1132.20837402,0.24900000,2937.00000000,0.99599999,0.20000000
4753.64013672,1132.20837402,0.24900000,3439.00000000,0.98799998,0.50000000
4753.63964844,1132.20922852,0.17200001,3940.00000000,0.99199998,0.40000001
4753.63964844,1132.20922852,0.17200001,4441.00000000,0.98799998,0.10000000
4753.63867188,1132.20971680,0.01900000,4943.00000000,0.98400003,0.30000001
4753.63867188,1132.20971680,0.01900000,5445.00000000,0.98400003,0.30000001
4753.63867188,1132.20971680,0.04700000,5946.00000000,0.98000002,0.40000001
4753.63867188,1132.20971680,0.04700000,6447.00000000,0.98400003,0.30000001
4753.63867188,1132.20959473,0.24800000,6948.00000000,0.98400003,0.10000000
4753.63867188,1132.20959473,0.24800000,7449.00000000,0.98000002,0.50000000
4753.63916016,1132.20971680,0.03700000,7950.00000000,0.98000002,0.20000000
4753.63916016,1132.20971680,0.03700000,8452.00000000,0.98000002,0.40000001
4753.63867188,1132.20996094,0.28900000,8953.00000000,0.98000002,0.30000001
4753.63867188,1132.20996094,0.28900000,9455.00000000,0.98000002,0.40000001
4753.64892578,1132.20886230,0.01100000,2527.00000000,16.62400055,-54.59999847
4753.64892578,1132.20886230,0.01100000,3029.00000000,16.60400009,-7.69999981
4753.64746094,1132.20825195,0.01900000,3530.00000000,16.52000046,-16.50000000
4753.64746094,1132.20825195,0.01900000,4031.00000000,16.59600067,-267.60000610
4753.64648438,1132.20861816,0.05200000,4532.00000000,16.69199944,-54.59999847
4753.64648438,1132.20861816,0.05200000,5033.00000000,16.69199944,-7.90000010
4753.64550781,1132.20886230,0.02200000,5534.00000000,16.68799973,-67.30000305
4753.64550781,1132.20886230,0.02200000,6035.00000000,16.69199944,-74.30000305
4753.64453125,1132.20947266,0.02000000,6536.00000000,16.68799973,-93.90000153
4753.64355469,1132.21008301,0.02000000,7038.00000000,16.67600060,-350.10000610
4753.64355469,1132.21008301,0.02000000,7539.00000000,16.68400002,-32.59999847
4753.64355469,1132.21008301,0.02000000,8040.00000000,16.68799973,-35.00000000
4753.64306641,1132.21044922,0.02900000,8541.00000000,16.67200089,-59.70000076
4753.64306641,1132.21044922,0.03000000,9042.00000000,16.68000031,-61.29999924
4753.64306641,1132.21044922,0.03000000,9543.00000000,16.68000031,-59.59999847
4753.64306641,1132.21044922,0.03000000,10044.00000000,16.63599968,-66.09999847
4753.64257812,1132.21423340,0.07900000,4029.00000000,0.98799998,0.50000000
4753.64257812,1132.21423340,0.07900000,4530.00000000,0.98799998,0.40000001
4753.64208984,1132.21374512,0.03300000,5032.00000000,0.98799998,0.40000001
4753.64208984,1132.21374512,0.03300000,5533.00000000,0.98400003,0.10000000
4753.64257812,1132.21411133,0.01300000,6034.00000000,0.98400003,0.30000001
4753.64257812,1132.21411133,0.01300000,6535.00000000,0.98000002,0.50000000
4753.64257812,1132.21411133,0.12100000,7036.00000000,0.98400003,0.30000001
4753.64257812,1132.21411133,0.12100000,7537.00000000,0.98000002,0.30000001
4753.64208984,1132.21459961,0.05100000,8038.00000000,0.98400003,0.50000000
4753.64208984,1132.21459961,0.05100000,8539.00000000,0.98000002,0.40000001
4753.64160156,1132.21472168,0.04700000,9040.00000000,0.97600001,0.30000001
4753.64160156,1132.21472168,0.04700000,9541.00000000,0.98000002,0.60000002
4753.64160156,1132.21496582,0.07200000,10043.00000000,0.98000002,0.40000001
4753.64160156,1132.21496582,0.07200000,10544.00000000,0.98400003,0.30000001
4753.64111328,1132.21520996,0.03600000,11045.00000000,0.98000002,0.30000001
4753.64111328,1132.21520996,0.03600000,11546.00000000,0.97600001,0.30000001
4753.64111328,1132.21533203,0.16000000,12047.00000000,0.98000002,0.60000002
4753.64111328,1132.21533203,0.16000000,12548.00000000,0.98000002,0.50000000
4753.64111328,1132.21520996,0.02600000,13049.00000000,0.98000002,0.40000001
4753.64111328,1132.21520996,0.02600000,13550.00000000,16.70000076,-70.19999695
4753.64062500,1132.21533203,0.02300000,14051.00000000,16.71199989,-15.89999962
4753.64062500,1132.21533203,0.02300000,14552.00000000,16.70800018,-3.29999995
4753.64062500,1132.21545410,0.11100000,15053.00000000,5.88800001,0.40000001
4753.64062500,1132.21545410,0.11100000,15555.00000000,1.75199997,0.30000001
4753.64111328,1132.21545410,0.01500000,16057.00000000,1.36399996,0.30000001
4753.64111328,1132.21545410,0.01500000,16558.00000000,1.12399995,0.69999999
4753.64111328,1132.21545410,0.02900000,17059.00000000,1.04400003,0.50000000
4753.64111328,1132.21545410,0.02900000,17560.00000000,1.00800002,0.30000001
4753.64111328,1132.21545410,0.03300000,18061.00000000,0.99599999,0.40000001
4753.64111328,1132.21545410,0.03300000,18562.00000000,0.98799998,0.50000000
4753.64111328,1132.21533203,0.02600000,19063.00000000,0.98799998,0.20000000
4753.64111328,1132.21533203,0.02600000,19565.00000000,0.98000002,0.50000000
4753.64111328,1132.21520996,0.07200000,20067.00000000,0.98400003,0.30000001
4753.64111328,1132.21520996,0.07200000,20568.00000000,0.98000002,0.40000001
4753.64111328,1132.21520996,0.06100000,21069.00000000,0.98400003,0.00000000
4753.64111328,1132.21520996,0.06100000,21570.00000000,0.98000002,0.50000000
4753.64111328,1132.21520996,0.08900000,22071.00000000,0.98400003,0.20000000
4753.64111328,1132.21520996,0.08900000,22572.00000000,0.97600001,0.40000001
4753.64257812,1132.21289062,0.02600000,2025.00000000,16.70800018,-57.40000153
4753.64257812,1132.21289062,0.02600000,2528.00000000,16.70400047,-55.40000153
4753.64257812,1132.21362305,0.03800000,3030.00000000,16.70800018,-32.40000153
4753.64257812,1132.21362305,0.03800000,3532.00000000,16.70800018,-35.00000000
4753.64208984,1132.21423340,0.06100000,4034.00000000,16.70400047,-61.09999847
4753.64208984,1132.21423340,0.06100000,4535.00000000,16.70800018,-7.90000010
4753.64257812,1132.21423340,0.04900000,5036.00000000,16.70400047,-60.00000000
4753.64257812,1132.21423340,0.04900000,5537.00000000,16.70800018,-55.20000076
4753.64208984,1132.21411133,0.07700000,6039.00000000,16.70400047,-32.40000153
4753.64208984,1132.21411133,0.07700000,6541.00000000,16.70400047,-7.50000000
4753.64257812,1132.21398926,0.03200000,7043.00000000,16.70400047,-28.10000038
4753.64257812,1132.21398926,0.03200000,7545.00000000,16.70000076,-28.60000038
4753.64257812,1132.21374512,0.17000000,8046.00000000,16.70800018,-31.60000038
4753.64257812,1132.21374512,0.17000000,8547.00000000,16.70400047,-32.00000000
4753.64257812,1132.21362305,0.08200000,9048.00000000,16.70400047,-10.50000000
4753.64257812,1132.21362305,0.08200000,9549.00000000,16.70000076,-58.09999847
4753.64257812,1132.21325684,0.21799999,10050.00000000,16.70400047,-32.59999847
4753.64257812,1132.21325684,0.21799999,10551.00000000,16.70400047,-24.60000038
4753.64257812,1132.21325684,0.21799999,11052.00000000,16.70000076,-29.79999924
4753.64257812,1132.21325684,0.21799999,11553.00000000,16.70400047,-36.09999847
4753.64257812,1132.21325684,0.21799999,12054.00000000,16.70400047,-16.00000000
4753.64257812,1132.21325684,0.21799999,12557.00000000,16.70400047,-25.79999924
4753.64257812,1132.21325684,0.21799999,13058.00000000,16.70000076,-55.20000076
4753.64257812,1132.21325684,0.21799999,13560.00000000,16.70000076,-60.40000153
4753.64257812,1132.21325684,0.21799999,14061.00000000,16.70400047,-57.70000076
4753.64257812,1132.21325684,0.21799999,14562.00000000,16.70400047,-25.60000038
4753.64404297,1132.21643066,0.43700001,15063.00000000,16.70400047,-34.59999847
4753.64404297,1132.21643066,0.43700001,15564.00000000,16.70400047,-33.79999924
4753.64404297,1132.21643066,0.43700001,16065.00000000,16.71199989,-34.00000000
4753.64404297,1132.21643066,0.43700001,16566.00000000,16.71199989,-7.09999990
4753.64013672,1132.20849609,0.77800000,3531.00000000,16.69599915,-299.70001221
4753.64013672,1132.20849609,0.77800000,4032.00000000,16.69199944,-80.09999847
4753.63964844,1132.20935059,0.62800002,4534.00000000,16.70800018,-48.70000076
4753.63964844,1132.20935059,0.62800002,5035.00000000,16.70000076,-196.80000305
4753.63964844,1132.20935059,0.62800002,5536.00000000,16.70000076,-94.40000153
4753.63964844,1132.20935059,0.62800002,6038.00000000,16.68799973,-275.39999390
4753.63964844,1132.20935059,0.62800002,6539.00000000,16.69599915,-180.10000610
4753.63964844,1132.20935059,0.62800002,7040.00000000,16.70000076,-59.79999924
4753.63964844,1132.20935059,0.62800002,7541.00000000,16.68400002,-361.20001221
4753.63964844,1132.20935059,0.62800002,8042.00000000,16.70000076,-94.50000000
4753.62988281,1132.20837402,0.85600001,8544.00000000,16.69599915,-165.30000305
4753.62988281,1132.20837402,0.85600001,9046.00000000,16.68799973,-220.10000610
4753.63134766,1132.20825195,0.23199999,9547.00000000,16.70000076,-73.30000305
4753.63134766,1132.20825195,0.23199999,10048.00000000,16.68799973,-250.60000610
4753.63183594,1132.20935059,0.26800001,10550.00000000,16.70000076,-78.50000000
4753.63183594,1132.20935059,0.26800001,11051.00000000,16.68400002,-349.70001221
4753.63232422,1132.20935059,0.05800000,11552.00000000,16.67600060,-548.79998779
4753.63232422,1132.20935059,0.05800000,12054.00000000,16.70000076,-78.30000305
4753.63281250,1132.20874023,0.05200000,12555.00000000,16.68400002,-288.50000000
4753.63281250,1132.20874023,0.05200000,13056.00000000,16.70000076,-68.59999847
4753.63476562,1132.20935059,0.09300000,13557.00000000,16.69599915,-192.69999695
4753.63476562,1132.20935059,0.09300000,14058.00000000,16.69599915,-139.10000610
4753.63574219,1132.21044922,0.09800000,14560.00000000,16.70400047,-82.30000305
4753.63574219,1132.21044922,0.09800000,15062.00000000,16.69199944,-203.19999695
4753.63671875,1132.21081543,0.21900000,15563.00000000,16.69599915,-147.19999695
4753.63671875,1132.21081543,0.21900000,16064.00000000,16.69199944,-291.50000000
4753.63720703,1132.21166992,0.08900000,16566.00000000,16.69199944,-160.89999390
4753.63720703,1132.21166992,0.08900000,17068.00000000,16.69599915,-44.90000153
4753.63769531,1132.21240234,0.16300000,17569.00000000,16.68799973,-250.69999695
4753.63769531,1132.21240234,0.16300000,18071.00000000,16.69599915,-95.59999847
4753.63818359,1132.21276855,0.11500000,18572.00000000,16.69199944,-194.30000305
4753.63818359,1132.21276855,0.11500000,19074.00000000,16.69599915,-84.59999847
4753.63867188,1132.21301270,0.02600000,19575.00000000,16.69599915,-87.09999847
4753.63867188,1132.21301270,0.02600000,20077.00000000,16.69199944,-150.80000305
4753.63867188,1132.21325684,0.10600000,20578.00000000,16.69599915,-79.30000305
4753.63867188,1132.21325684,0.10600000,21080.00000000,16.68400002,-264.00000000
4753.63867188,1132.21313477,0.13800000,21581.00000000,16.68799973,-259.50000000
4753.63867188,1132.21313477,0.13800000,22082.00000000,16.68400002,-305.89999390
4753.63867188,1132.21301270,0.73500001,22583.00000000,16.68799973,-207.69999695
4753.63867188,1132.21301270,0.73500001,23085.00000000,16.69599915,-71.19999695
4753.63916016,1132.21313477,0.70999998,23586.00000000,16.69599915,-151.19999695
4753.63916016,1132.21313477,0.70999998,24087.00000000,16.68799973,-235.60000610
4753.63916016,1132.21289062,0.52999997,24588.00000000,16.69599915,-121.19999695
4753.63916016,1132.21289062,0.52999997,25090.00000000,16.69199944,-153.50000000
4753.63964844,1132.21325684,0.34299999,25591.00000000,16.69599915,-68.19999695
4753.63964844,1132.21325684,0.34299999,26093.00000000,16.69199944,-205.30000305
4753.63964844,1132.21362305,0.67900002,26594.00000000,16.69199944,-141.19999695
4753.63964844,1132.21362305,0.67900002,27096.00000000,16.68400002,-324.00000000
4753.64013672,1132.21374512,0.39199999,27597.00000000,16.68400002,-261.00000000
4753.64013672,1132.21374512,0.39199999,28098.00000000,16.69199944,-74.50000000
4753.64013672,1132.21386719,0.27800000,28600.00000000,16.68799973,-224.19999695
4753.64013672,1132.21386719,0.27800000,29101.00000000,16.69199944,-173.89999390
4753.64062500,1132.21386719,0.26699999,29603.00000000,16.68400002,-293.39999390
4753.64062500,1132.21386719,0.26699999,30105.00000000,16.68400002,-282.00000000
4753.64062500,1132.21398926,0.24500000,30607.00000000,16.68799973,-217.69999695
4753.64062500,1132.21398926,0.24500000,31108.00000000,16.68799973,-283.39999390
4753.64062500,1132.21374512,0.71600002,31609.00000000,16.69199944,-191.80000305
4753.64062500,1132.21374512,0.71600002,32110.00000000,16.68400002,-283.20001221
4753.64062500,1132.21350098,0.34099999,32611.00000000,16.69199944,-124.19999695
4753.64062500,1132.21350098,0.34099999,33112.00000000,16.69199944,-80.69999695
4753.64111328,1132.21301270,1.26100004,33614.00000000,16.69199944,-135.80000305
4753.64111328,1132.21301270,1.26100004,34115.00000000,16.68400002,-296.29998779
4753.64111328,1132.21228027,1.73199999,34616.00000000,16.69599915,-120.40000153
4753.64111328,1132.21228027,1.73199999,35118.00000000,16.69199944,-169.10000610
4753.64160156,1132.21154785,1.78299999,35619.00000000,16.69599915,-91.59999847
4753.64160156,1132.21154785,1.78299999,36120.00000000,16.69199944,-126.00000000
4753.64160156,1132.21154785,1.78299999,36621.00000000,16.70000076,-78.90000153
4753.64160156,1132.21154785,1.78299999,37122.00000000,16.68000031,-289.89999390
4753.64160156,1132.21154785,1.78299999,37623.00000000,16.68799973,-125.00000000
4753.64160156,1132.21154785,1.78299999,38125.00000000,16.69599915,-64.69999695
4753.64160156,1132.21154785,1.78299999,38627.00000000,16.68799973,-177.69999695
4753.64160156,1132.21154785,1.78299999,39128.00000000,16.68000031,-363.39999390
4753.64160156,1132.21154785,1.78299999,39629.00000000,16.68000031,-445.29998779
4753.64160156,1132.21154785,1.78299999,40130.00000000,16.69599915,-98.19999695
4753.64111328,1132.20568848,0.24400000,40631.00000000,16.69599915,-65.69999695
4753.64111328,1132.20568848,0.24400000,41132.00000000,16.68799973,-240.00000000
4753.64208984,1132.20678711,0.14100000,41633.00000000,16.68799973,-193.19999695
4753.64208984,1132.20678711,0.14100000,42134.00000000,16.68799973,-226.39999390
4753.64160156,1132.20727539,0.13300000,42635.00000000,16.69199944,-181.69999695
4753.64160156,1132.20727539,0.13300000,43136.00000000,16.69599915,-112.00000000
4753.64111328,1132.20776367,0.39100000,43637.00000000,16.69199944,-138.19999695
4753.64111328,1132.20776367,0.39100000,44138.00000000,16.69199944,-197.50000000
4753.64111328,1132.20800781,0.19200000,44639.00000000,16.67200089,-571.59997559
4753.64111328,1132.20800781,0.19200000,45141.00000000,16.69599915,-77.80000305
4753.64111328,1132.20849609,0.54600000,45643.00000000,16.69199944,-55.79999924
4753.64111328,1132.20849609,0.54600000,46144.00000000,16.68400002,-297.50000000
4753.64160156,1132.20886230,0.16300000,46645.00000000,16.69199944,-214.00000000
4753.64160156,1132.20886230,0.16300000,47146.00000000,16.68400002,-279.39999390
4753.64257812,1132.20910645,0.39600000,47647.00000000,16.68799973,-142.69999695
4753.64257812,1132.20910645,0.39600000,48148.00000000,16.68799973,-237.60000610
4753.64306641,1132.20898438,1.06900001,48649.00000000,16.68799973,-186.19999695
4753.64306641,1132.20898438,1.06900001,49150.00000000,16.68400002,-236.80000305
4753.64306641,1132.20849609,1.26600003,49652.00000000,16.67600060,-434.29998779
4753.64306641,1132.20849609,1.26600003,50154.00000000,16.68799973,-145.19999695
4753.64257812,1132.20825195,0.75800002,50655.00000000,16.69199944,-106.50000000
4753.64257812,1132.20825195,0.75800002,51157.00000000,16.68000031,-272.70001221
4753.64257812,1132.20825195,0.36700001,51658.00000000,16.68799973,-145.80000305
4753.64257812,1132.20825195,0.36700001,52159.00000000,16.68799973,-249.80000305
4753.64257812,1132.20812988,0.41299999,52660.00000000,16.69599915,-92.80000305
4753.64257812,1132.20812988,0.41299999,53162.00000000,16.69199944,-134.30000305
4753.64257812,1132.20800781,0.34599999,53663.00000000,16.68400002,-273.29998779
4753.64257812,1132.20800781,0.34599999,54164.00000000,16.68799973,-137.80000305
4753.64257812,1132.20825195,0.13699999,54666.00000000,16.66799927,-529.40002441
4753.64257812,1132.20825195,0.13699999,55167.00000000,16.68799973,-132.80000305
4753.64257812,1132.20825195,0.70099998,55668.00000000,16.69199944,-121.59999847
4753.64257812,1132.20825195,0.70099998,56169.00000000,16.68799973,-163.50000000
4753.64257812,1132.20812988,0.29300001,56671.00000000,16.68799973,-144.60000610
4753.64257812,1132.20812988,0.29300001,57172.00000000,16.68000031,-213.89999390
4753.64257812,1132.20788574,0.90499997,57673.00000000,16.69199944,-57.50000000
4753.64257812,1132.20788574,0.90499997,58175.00000000,16.68799973,-130.69999695
4753.64257812,1132.20800781,0.23899999,58676.00000000,16.68000031,-291.89999390
4753.64257812,1132.20800781,0.23899999,59178.00000000,16.69199944,-111.90000153
4753.64257812,1132.20776367,0.11100000,59680.00000000,16.66799927,-589.50000000
4753.64257812,1132.20776367,0.11100000,60181.00000000,16.69199944,-43.90000153
4753.64257812,1132.20751953,0.20999999,60683.00000000,16.68799973,-159.00000000
4753.64257812,1132.20751953,0.20999999,61185.00000000,16.68000031,-271.00000000
4753.64306641,1132.20739746,0.09100000,61686.00000000,16.68799973,-171.50000000
4753.64306641,1132.20739746,0.09100000,62188.00000000,16.68799973,-208.39999390
4753.64306641,1132.20727539,0.09100000,62689.00000000,16.69599915,-44.50000000
4753.64306641,1132.20727539,0.09100000,63190.00000000,16.68799973,-162.19999695
4753.64306641,1132.20715332,0.13300000,63692.00000000,16.68400002,-281.60000610
4753.64306641,1132.20715332,0.13300000,64194.00000000,16.69199944,-87.90000153
4753.64306641,1132.20703125,0.13300000,64695.00000000,16.68000031,-297.29998779
4753.64306641,1132.20703125,0.13300000,65196.00000000,16.69599915,-52.90000153
4753.64355469,1132.20715332,0.17800000,65697.00000000,16.66799927,-596.50000000
4753.64355469,1132.20715332,0.17800000,66198.00000000,16.68400002,-284.20001221
4753.64355469,1132.20690918,0.17299999,66699.00000000,16.67200089,-461.60000610
4753.64355469,1132.20690918,0.17299999,67200.00000000,16.67200089,-372.89999390
4753.64355469,1132.20666504,0.86199999,67701.00000000,16.69199944,-70.30000305
4753.64355469,1132.20666504,0.86199999,68202.00000000,16.66799927,-501.89999390
4753.64355469,1132.20617676,0.86299998,68703.00000000,16.68799973,-184.10000610
4753.64355469,1132.20617676,0.86299998,69205.00000000,16.68000031,-241.50000000
4753.64306641,1132.20568848,0.76300001,69706.00000000,16.68400002,-244.89999390
4753.64306641,1132.20568848,0.76300001,70207.00000000,16.68000031,-400.39999390
4753.64306641,1132.20520020,0.77700001,70708.00000000,16.67600060,-379.10000610
4753.64306641,1132.20520020,0.77700001,71209.00000000,16.68799973,-132.19999695
4753.64306641,1132.20495605,0.69400001,71710.00000000,16.67600060,-347.00000000
4753.64306641,1132.20495605,0.69400001,72211.00000000,16.68000031,-242.00000000
4753.64306641,1132.20471191,0.81300002,72712.00000000,16.68799973,-100.19999695
4753.64306641,1132.20471191,0.81300002,73213.00000000,16.67600060,-435.29998779
4753.64257812,1132.20446777,0.73500001,73714.00000000,16.68799973,-151.00000000
4753.64257812,1132.20446777,0.73500001,74216.00000000,16.68000031,-255.00000000
4753.64257812,1132.20422363,0.62500000,74717.00000000,16.68000031,-318.10000610
4753.64257812,1132.20422363,0.62500000,75219.00000000,16.68799973,-85.30000305
4753.64306641,1132.20410156,0.62500000,75720.00000000,16.67600060,-371.50000000
4753.64306641,1132.20410156,0.62500000,76221.00000000,16.68400002,-152.19999695
4753.64306641,1132.20373535,0.71799999,76722.00000000,16.68400002,-289.89999390
4753.64306641,1132.20373535,0.71799999,77223.00000000,16.68400002,-187.89999390
4753.64306641,1132.20361328,0.80199999,77724.00000000,16.68000031,-226.69999695
4753.64306641,1132.20361328,0.80199999,78225.00000000,16.68000031,-276.20001221
4753.64306641,1132.20361328,0.58800000,78727.00000000,16.68400002,-195.80000305
4753.64306641,1132.20361328,0.58800000,79228.00000000,16.68400002,-226.50000000
4753.64355469,1132.20361328,0.85100001,79729.00000000,16.68799973,-69.80000305
4753.64355469,1132.20361328,0.85100001,80231.00000000,16.68000031,-316.20001221
4753.64355469,1132.20361328,0.65899998,80733.00000000,16.67600060,-365.29998779
4753.64355469,1132.20361328,0.65899998,81234.00000000,16.68000031,-203.89999390
4753.64355469,1132.20361328,0.67500001,81735.00000000,16.68000031,-352.39999390
4753.64355469,1132.20361328,0.67500001,82237.00000000,16.68000031,-299.20001221
4753.64404297,1132.20336914,0.80299997,82738.00000000,16.68400002,-115.00000000
4753.64404297,1132.20336914,0.80299997,83240.00000000,16.67200089,-405.20001221
4753.64404297,1132.20312500,0.80299997,83742.00000000,16.68799973,-196.80000305
4753.64404297,1132.20312500,0.80299997,84243.00000000,16.68400002,-260.50000000
4753.64404297,1132.20300293,0.80100000,84744.00000000,16.68799973,-132.69999695
4753.64404297,1132.20300293,0.80100000,85246.00000000,16.68400002,-172.10000610
4753.64355469,1132.20263672,0.80100000,85748.00000000,16.67600060,-410.60000610
4753.64355469,1132.20263672,0.80100000,86249.00000000,16.68000031,-299.79998779
4753.64355469,1132.20263672,0.80100000,86750.00000000,16.66799927,-432.79998779
4753.64355469,1132.20263672,0.80100000,87251.00000000,16.67200089,-375.70001221
4753.64355469,1132.20288086,0.20000000,87752.00000000,16.68000031,-257.60000610
4753.64355469,1132.20288086,0.20000000,88253.00000000,16.66799927,-459.79998779
4753.64404297,1132.20312500,0.20000000,88754.00000000,16.68000031,-236.30000305
4753.64404297,1132.20312500,0.20000000,89255.00000000,16.66399956,-540.20001221
4753.64404297,1132.20324707,0.20000000,89756.00000000,16.67600060,-348.79998779
4753.64404297,1132.20324707,0.20000000,90257.00000000,16.68000031,-234.89999390
4753.64404297,1132.20349121,0.20000000,90759.00000000,16.65600014,-670.50000000
4753.64404297,1132.20349121,0.20000000,91260.00000000,16.67200089,-343.60000610
4753.64404297,1132.20361328,0.22300000,91761.00000000,16.67600060,-305.79998779
4753.64404297,1132.20361328,0.22300000,92263.00000000,16.68000031,-257.60000610
4753.64404297,1132.20349121,0.22300000,92765.00000000,16.68400002,-172.69999695
4753.64404297,1132.20349121,0.22300000,93266.00000000,16.66799927,-460.10000610
4753.64404297,1132.20336914,0.22300000,93767.00000000,16.68000031,-209.30000305
4753.64404297,1132.20336914,0.22300000,94268.00000000,16.67600060,-302.29998779
4753.64404297,1132.20324707,0.56900001,94770.00000000,16.68400002,-156.69999695
4753.64404297,1132.20324707,0.56900001,95271.00000000,16.68400002,-188.10000610
4753.64453125,1132.20300293,0.62699997,95772.00000000,16.67600060,-275.29998779
4753.64453125,1132.20300293,0.62699997,96273.00000000,16.68400002,-182.50000000
4753.64453125,1132.20275879,0.82300001,96775.00000000,16.68000031,-215.80000305
4753.64453125,1132.20275879,0.82300001,97276.00000000,16.68000031,-136.30000305
4753.64453125,1132.20239258,0.86199999,97778.00000000,16.68799973,-157.89999390
4753.64453125,1132.20239258,0.86199999,98279.00000000,16.67200089,-361.10000610
4753.64404297,1132.20202637,0.83999997,98781.00000000,16.68000031,-218.69999695
4753.64404297,1132.20202637,0.83999997,99282.00000000,16.67600060,-288.00000000
4753.64404297,1132.20166016,0.76999998,99783.00000000,16.68000031,-243.39999390
4753.64404297,1132.20166016,0.76999998,100284.00000000,16.67600060,-369.70001221
4753.64404297,1132.20129395,0.76999998,100786.00000000,16.68400002,-176.60000610
4753.64404297,1132.20129395,0.76999998,101287.00000000,16.68799973,-146.00000000
4753.64404297,1132.20092773,0.81000000,101788.00000000,16.68000031,-274.79998779
4753.64404297,1132.20092773,0.81000000,102291.00000000,16.68799973,-96.69999695
4753.64404297,1132.20056152,0.83200002,102793.00000000,16.68400002,-165.50000000
4753.64404297,1132.20056152,0.83200002,103294.00000000,16.68400002,-246.19999695
4753.64404297,1132.20031738,0.84600002,103796.00000000,16.68000031,-182.30000305
4753.64404297,1132.20031738,0.84600002,104298.00000000,16.68000031,-235.30000305
4753.64404297,1132.19995117,0.84600002,104799.00000000,16.68000031,-201.50000000
4753.64404297,1132.19995117,0.84600002,105300.00000000,16.68400002,-207.69999695
4753.64404297,1132.19970703,0.85799998,105801.00000000,16.68000031,-234.69999695
4753.64404297,1132.19970703,0.85799998,106302.00000000,16.68000031,-220.60000610
4753.64404297,1132.19934082,0.85799998,106804.00000000,16.67200089,-325.70001221
4753.64404297,1132.19934082,0.85799998,107305.00000000,16.68000031,-159.19999695
4753.64404297,1132.19897461,0.79299998,107806.00000000,16.67200089,-352.79998779
4753.64404297,1132.19897461,0.79299998,108307.00000000,16.67600060,-264.50000000
4753.64404297,1132.19873047,0.69199997,108808.00000000,16.67600060,-294.10000610
4753.64404297,1132.19873047,0.69199997,109309.00000000,16.67200089,-324.20001221
4753.64404297,1132.19860840,0.76200002,109810.00000000,16.67600060,-219.50000000
4753.64404297,1132.19860840,0.76200002,110311.00000000,16.67200089,-319.60000610
4753.64404297,1132.19848633,0.69099998,110812.00000000,16.67600060,-225.39999390
4753.64404297,1132.19848633,0.69099998,111313.00000000,16.68000031,-210.80000305
4753.64453125,1132.19848633,0.65899998,111815.00000000,16.67600060,-343.60000610
4753.64453125,1132.19848633,0.65899998,112316.00000000,16.68400002,-131.50000000
4753.64453125,1132.19848633,0.76700002,112818.00000000,16.68000031,-169.00000000
4753.64453125,1132.19848633,0.76700002,113319.00000000,16.68000031,-205.19999695
4753.64501953,1132.19848633,0.69800001,113821.00000000,16.68000031,-209.10000610
4753.64501953,1132.19848633,0.69800001,114322.00000000,16.67600060,-270.50000000
4753.64501953,1132.19836426,0.77300000,114824.00000000,16.68400002,-160.39999390
4753.64501953,1132.19836426,0.77300000,115325.00000000,16.67200089,-309.60000610
4753.64501953,1132.19836426,0.72500002,115826.00000000,16.68000031,-168.00000000
4753.64501953,1132.19836426,0.72500002,116327.00000000,16.68000031,-147.60000610
4753.64550781,1132.19824219,0.72500002,116828.00000000,16.67200089,-271.29998779
4753.64550781,1132.19824219,0.72500002,117329.00000000,16.67600060,-175.30000305
4753.64550781,1132.19812012,0.69900000,117830.00000000,16.67200089,-375.89999390
4753.64550781,1132.19812012,0.69900000,118332.00000000,16.68000031,-232.69999695
4753.64599609,1132.19799805,0.62800002,118834.00000000,16.68400002,-198.39999390
4753.64599609,1132.19799805,0.62800002,119335.00000000,16.66799927,-437.39999390
4753.64599609,1132.19799805,0.62800002,119836.00000000,16.68000031,-156.00000000
4753.64599609,1132.19799805,0.62800002,120337.00000000,16.68000031,-150.10000610
4753.64599609,1132.19775391,0.62800002,120838.00000000,16.68400002,-108.50000000
4753.64599609,1132.19775391,0.62800002,121339.00000000,16.68400002,-85.90000153
4753.64648438,1132.19750977,0.60299999,121840.00000000,16.67600060,-292.79998779
4753.64648438,1132.19750977,0.60299999,122341.00000000,16.68400002,-144.69999695
4753.64648438,1132.19738770,0.57400000,122842.00000000,16.67600060,-288.70001221
4753.64648438,1132.19738770,0.57400000,123344.00000000,16.68400002,-123.59999847
4753.64648438,1132.19702148,0.57400000,123845.00000000,16.68000031,-127.69999695
4753.64648438,1132.19702148,0.57400000,124347.00000000,16.67200089,-289.00000000
4753.64648438,1132.19689941,0.46100000,124848.00000000,16.68000031,-158.39999390
4753.64648438,1132.19689941,0.46100000,125349.00000000,16.68400002,-136.50000000
4753.64648438,1132.19677734,0.46100000,125850.00000000,16.68400002,-61.40000153
4753.64648438,1132.19677734,0.46100000,126352.00000000,16.68000031,-105.30000305
4753.64648438,1132.19665527,0.61699998,126853.00000000,16.67200089,-311.89999390
4753.64648438,1132.19665527,0.61699998,127354.00000000,16.68000031,-165.10000610
4753.64697266,1132.19628906,0.76400000,127855.00000000,16.67200089,-327.10000610
4753.64697266,1132.19628906,0.76400000,128357.00000000,16.68000031,-176.60000610
4753.64697266,1132.19616699,0.76400000,128859.00000000,16.67600060,-263.60000610
4753.64697266,1132.19616699,0.76400000,129360.00000000,16.66799927,-310.70001221
4753.64697266,1132.19580078,0.91500002,129861.00000000,16.68000031,-196.10000610
4753.64697266,1132.19580078,0.91500002,130363.00000000,16.67200089,-298.79998779
4753.64697266,1132.19555664,0.79000002,130865.00000000,16.68000031,-130.69999695
4753.64697266,1132.19555664,0.79000002,131366.00000000,16.68000031,-125.90000153
4753.64697266,1132.19519043,0.88900000,131867.00000000,16.66799927,-446.70001221
4753.64697266,1132.19519043,0.88900000,132368.00000000,16.68000031,-153.60000610
4753.64697266,1132.19482422,0.90799999,132869.00000000,16.67200089,-334.79998779
4753.64697266,1132.19482422,0.90799999,133370.00000000,16.68400002,-139.89999390
4753.64746094,1132.19458008,0.60900003,133871.00000000,16.68000031,-164.19999695
4753.64746094,1132.19458008,0.60900003,134373.00000000,16.67600060,-244.30000305
4753.64746094,1132.19433594,0.57300001,134875.00000000,16.68400002,-102.09999847
4753.64746094,1132.19433594,0.57300001,135376.00000000,16.67600060,-295.20001221
4753.64746094,1132.19409180,0.70700002,135877.00000000,16.68400002,-92.30000305
4753.64746094,1132.19409180,0.70700002,136378.00000000,16.68000031,-124.80000305
4753.64746094,1132.19384766,0.72000003,136879.00000000,16.67200089,-312.50000000
4753.64746094,1132.19384766,0.72000003,137380.00000000,16.68000031,-174.30000305
4753.64746094,1132.19360352,0.65100002,137881.00000000,16.66399956,-508.29998779
4753.64746094,1132.19360352,0.65100002,138383.00000000,16.68000031,-149.30000305
4753.64746094,1132.19348145,0.62900001,138884.00000000,16.67600060,-191.19999695
4753.64746094,1132.19348145,0.62900001,139385.00000000,16.65999985,-471.70001221
4753.64794922,1132.19323730,0.62900001,139886.00000000,16.68000031,-125.30000305
4753.64794922,1132.19323730,0.62900001,140388.00000000,16.66399956,-451.00000000
4753.64794922,1132.19299316,0.70899999,140889.00000000,16.68000031,-195.39999390
4753.64794922,1132.19299316,0.70899999,141390.00000000,16.68400002,-108.80000305
4753.64794922,1132.19287109,0.72399998,141891.00000000,16.67200089,-335.39999390
4753.64794922,1132.19287109,0.72399998,142393.00000000,16.67600060,-256.00000000
4753.64843750,1132.19274902,0.69300002,142894.00000000,16.66799927,-407.20001221
4753.64843750,1132.19274902,0.69300002,143395.00000000,16.68000031,-83.00000000
4753.64843750,1132.19274902,0.69300002,143896.00000000,16.68799973,-80.30000305
4753.64843750,1132.19274902,0.69300002,144398.00000000,16.67200089,-234.60000610
4753.64843750,1132.19262695,0.65100002,144899.00000000,16.68000031,-128.00000000
4753.64892578,1132.19250488,0.63400000,145401.00000000,16.66399956,-424.39999390
4753.64892578,1132.19250488,0.63400000,145902.00000000,16.68400002,-111.59999847
4753.64892578,1132.19250488,0.63400000,146403.00000000,16.68000031,-73.30000305
4753.64892578,1132.19250488,0.76599997,146904.00000000,16.66799927,-367.50000000
4753.64892578,1132.19250488,0.76599997,147405.00000000,16.67600060,-173.00000000
4753.64941406,1132.19238281,0.76599997,147906.00000000,16.67200089,-280.89999390
4753.64941406,1132.19238281,0.76599997,148407.00000000,16.68000031,-118.00000000
4753.64941406,1132.19250488,0.73299998,148910.00000000,16.68000031,-124.59999847
4753.64941406,1132.19250488,0.73299998,149412.00000000,16.65999985,-547.20001221
4753.64941406,1132.19250488,0.74900001,149914.00000000,16.67600060,-271.29998779
4753.64941406,1132.19250488,0.74900001,150415.00000000,16.66399956,-445.00000000
4753.64990234,1132.19238281,0.64099997,150916.00000000,16.67600060,-230.10000610
4753.64990234,1132.19238281,0.64099997,151417.00000000,16.68000031,-127.90000153
4753.64990234,1132.19238281,0.65600002,151918.00000000,16.67200089,-296.10000610
4753.64990234,1132.19238281,0.65600002,152419.00000000,16.67600060,-106.30000305
4753.64990234,1132.19238281,0.65600002,152920.00000000,16.67600060,-178.00000000
4753.64990234,1132.19238281,0.65600002,153422.00000000,16.68000031,-90.40000153
4753.65039062,1132.19238281,0.66299999,153924.00000000,16.68000031,-95.19999695
4753.65039062,1132.19238281,0.66299999,154425.00000000,16.65999985,-404.89999390
4753.65039062,1132.19226074,0.62000000,154927.00000000,16.67600060,-172.19999695
4753.65039062,1132.19226074,0.62000000,155428.00000000,16.66799927,-309.10000610
4753.65087891,1132.19226074,0.65899998,155930.00000000,16.66799927,-345.00000000
4753.65087891,1132.19213867,0.65799999,156431.00000000,16.67600060,-102.90000153
4753.65087891,1132.19213867,0.65799999,156932.00000000,16.65999985,-454.39999390
4753.65087891,1132.19213867,0.65799999,157434.00000000,16.67600060,-140.80000305
4753.65087891,1132.19189453,0.80800003,157935.00000000,16.65999985,-434.20001221
4753.65087891,1132.19189453,0.80800003,158437.00000000,16.66399956,-343.29998779
4753.65087891,1132.19165039,0.80800003,158938.00000000,16.67600060,-164.19999695
4753.65087891,1132.19165039,0.80800003,159440.00000000,16.66399956,-393.10000610
4753.65136719,1132.19140625,0.70200002,159941.00000000,16.67600060,-202.39999390
4753.65136719,1132.19140625,0.70200002,160442.00000000,16.66799927,-405.89999390
4753.65136719,1132.19128418,0.70200002,160944.00000000,16.68000031,-146.89999390
4753.65136719,1132.19128418,0.70200002,161445.00000000,16.68400002,-43.70000076
4753.65136719,1132.19116211,0.68699998,161946.00000000,16.66799927,-292.70001221
4753.65136719,1132.19116211,0.68699998,162447.00000000,16.68000031,-124.19999695
4753.65136719,1132.19104004,0.68699998,162948.00000000,16.66799927,-297.39999390
4753.65136719,1132.19104004,0.68699998,163450.00000000,16.67200089,-207.39999390
4753.65185547,1132.19091797,0.71700001,163951.00000000,16.67600060,-165.80000305
4753.65185547,1132.19091797,0.71700001,164452.00000000,16.65999985,-421.50000000
4753.65185547,1132.19091797,0.71700001,164954.00000000,16.67600060,-201.30000305
4753.65185547,1132.19091797,0.71700001,165456.00000000,16.66799927,-293.89999390
4753.65185547,1132.19079590,0.58800000,165958.00000000,16.66799927,-282.10000610
4753.65234375,1132.19079590,0.60900003,166459.00000000,16.68000031,-65.19999695
4753.65234375,1132.19079590,0.60900003,166960.00000000,16.65600014,-542.00000000
4753.65234375,1132.19079590,0.60900003,167461.00000000,16.67200089,-222.10000610
4753.65234375,1132.19067383,0.74100000,167962.00000000,16.65999985,-403.60000610
4753.65234375,1132.19055176,0.64800000,168464.00000000,16.67200089,-268.70001221
4753.65234375,1132.19055176,0.64800000,168965.00000000,16.67200089,-248.39999390
4753.65234375,1132.19055176,0.64800000,169467.00000000,16.66399956,-384.39999390
4753.65283203,1132.19030762,0.64800000,169968.00000000,16.68000031,-108.50000000
4753.65283203,1132.18994141,0.68300003,170470.00000000,16.67200089,-285.60000610
4753.65283203,1132.18994141,0.68300003,170971.00000000,16.68000031,-153.30000305
4753.65283203,1132.18994141,0.68300003,171472.00000000,16.68000031,-127.90000153
4753.65283203,1132.18969727,0.74000001,171973.00000000,16.66399956,-389.10000610
4753.65283203,1132.18945312,0.83800000,172474.00000000,16.67600060,-101.09999847
4753.65283203,1132.18945312,0.83800000,172975.00000000,16.67600060,-133.00000000
4753.65283203,1132.18945312,0.83800000,173476.00000000,16.67600060,-198.80000305
4753.65283203,1132.18908691,0.72100002,173977.00000000,16.68000031,-58.00000000
4753.65283203,1132.18884277,0.77899998,174479.00000000,16.66399956,-443.79998779
4753.65283203,1132.18884277,0.77899998,174980.00000000,16.68000031,-102.90000153
4753.65283203,1132.18884277,0.77899998,175482.00000000,16.66399956,-346.10000610
4753.65283203,1132.18847656,0.71200001,175983.00000000,16.66399956,-335.29998779
4753.65283203,1132.18823242,0.77300000,176484.00000000,16.66399956,-285.89999390
4753.65283203,1132.18823242,0.77300000,176987.00000000,16.65999985,-425.10000610
4753.65283203,1132.18823242,0.77300000,177488.00000000,16.67200089,-254.00000000
4753.65283203,1132.18798828,0.69499999,177989.00000000,16.66799927,-238.19999695
4753.65283203,1132.18774414,0.59700000,178490.00000000,16.66799927,-298.70001221
4753.65283203,1132.18774414,0.59700000,178991.00000000,16.67600060,-91.09999847
4753.65283203,1132.18750000,0.61400002,179493.00000000,16.65600014,-457.60000610
4753.65283203,1132.18750000,0.61400002,179994.00000000,16.67600060,-173.60000610
4753.65332031,1132.18750000,0.58300000,180495.00000000,16.66799927,-299.50000000
4753.65332031,1132.18750000,0.58300000,180997.00000000,16.67600060,-120.80000305
4753.65332031,1132.18750000,0.58300000,181498.00000000,16.67200089,-235.39999390
4753.65332031,1132.18750000,0.58300000,182000.00000000,16.66399956,-310.79998779
4753.65332031,1132.18750000,0.58300000,182502.00000000,16.67200089,-194.50000000
4753.65332031,1132.18750000,0.58300000,183003.00000000,16.66799927,-231.30000305
4753.65380859,1132.18762207,0.66900003,183505.00000000,16.67600060,-93.90000153
4753.65380859,1132.18762207,0.66900003,184006.00000000,16.66799927,-230.69999695
4753.65380859,1132.18750000,0.60299999,184508.00000000,16.66399956,-279.20001221
4753.65380859,1132.18750000,0.60299999,185009.00000000,16.66799927,-285.39999390
4753.65380859,1132.18737793,0.58300000,185511.00000000,16.65999985,-394.39999390
4753.65380859,1132.18737793,0.58300000,186012.00000000,16.66799927,-332.89999390
4753.65380859,1132.18737793,0.58300000,186515.00000000,16.66799927,-266.70001221
4753.65429688,1132.18725586,0.58300000,187017.00000000,16.65999985,-480.60000610
4753.65429688,1132.18725586,0.58300000,187519.00000000,16.67200089,-109.90000153
4753.65429688,1132.18701172,0.58300000,188020.00000000,16.67200089,-197.89999390
4753.65429688,1132.18676758,0.59500003,188521.00000000,16.67200089,-127.09999847
4753.65429688,1132.18676758,0.59500003,189022.00000000,16.66799927,-213.50000000
4753.65429688,1132.18676758,0.59500003,189523.00000000,16.66799927,-352.20001221
4753.65429688,1132.18640137,0.59500003,190024.00000000,16.67200089,-172.60000610
4753.65429688,1132.18615723,0.66000003,190525.00000000,16.66799927,-241.50000000
4753.65429688,1132.18615723,0.66000003,191026.00000000,16.67200089,-201.89999390
4753.65429688,1132.18579102,0.73699999,191528.00000000,16.67200089,-180.69999695
4753.65429688,1132.18579102,0.73699999,192030.00000000,16.65999985,-390.10000610
4753.65429688,1132.18542480,0.67400002,192531.00000000,16.66799927,-170.19999695
4753.65429688,1132.18542480,0.67400002,193032.00000000,16.66799927,-283.10000610
4753.65429688,1132.18542480,0.67400002,193534.00000000,16.66799927,-260.29998779
4753.65429688,1132.18518066,0.67400002,194035.00000000,16.66399956,-303.20001221
4753.65429688,1132.18518066,0.67400002,194536.00000000,16.65999985,-486.20001221
4753.65429688,1132.18505859,0.67400002,195038.00000000,16.67200089,-175.30000305
4753.65429688,1132.18505859,0.67400002,195540.00000000,16.66799927,-294.20001221
4753.65429688,1132.18493652,0.67400002,196041.00000000,16.66799927,-210.30000305
4753.65429688,1132.18481445,0.53200001,196542.00000000,16.67600060,-101.40000153
4753.65429688,1132.18481445,0.53200001,197043.00000000,16.65999985,-423.00000000
4753.65429688,1132.18481445,0.53200001,197545.00000000,16.66799927,-265.70001221
4753.65478516,1132.18469238,0.53200001,198046.00000000,16.65999985,-355.10000610
4753.65478516,1132.18457031,0.32400000,198547.00000000,16.66799927,-213.60000610
4753.65478516,1132.18457031,0.32400000,199049.00000000,16.66799927,-159.89999390
4753.65478516,1132.18457031,0.32400000,199551.00000000,16.67200089,-280.20001221
4753.65478516,1132.18432617,0.32400000,200052.00000000,16.67200089,-171.00000000
4753.65478516,1132.18420410,0.44600001,200553.00000000,16.66799927,-254.50000000
4753.65478516,1132.18420410,0.44600001,201055.00000000,16.67600060,-122.69999695
4753.65478516,1132.18420410,0.44600001,201557.00000000,16.67200089,-193.80000305
4753.65478516,1132.18395996,0.44600001,202058.00000000,16.66799927,-227.30000305
4753.65478516,1132.18395996,0.44600001,202559.00000000,16.66799927,-237.60000610
4753.65478516,1132.18359375,0.44600001,203060.00000000,16.65999985,-315.00000000
4753.65478516,1132.18359375,0.44600001,203561.00000000,16.66799927,-256.29998779
4753.65478516,1132.18347168,0.44600001,204062.00000000,16.65999985,-376.79998779
4753.65527344,1132.18322754,0.59399998,204563.00000000,16.67200089,-182.80000305
4753.65527344,1132.18322754,0.59399998,205065.00000000,16.67200089,-164.69999695
4753.65527344,1132.18310547,0.57499999,205566.00000000,16.66399956,-266.79998779
4753.65527344,1132.18310547,0.57499999,206067.00000000,16.67200089,-153.00000000
4753.65527344,1132.18298340,0.69300002,206568.00000000,16.67200089,-174.60000610
4753.65527344,1132.18298340,0.69300002,207070.00000000,16.66799927,-214.89999390
4753.65527344,1132.18298340,0.69300002,207571.00000000,16.67200089,-197.69999695
4753.65576172,1132.18286133,0.69300002,208072.00000000,16.66799927,-240.00000000
4753.65576172,1132.18286133,0.71100003,208573.00000000,16.67600060,-112.30000305
4753.65576172,1132.18286133,0.71100003,209075.00000000,16.66799927,-243.50000000
4753.65576172,1132.18286133,0.71100003,209576.00000000,16.66799927,-240.10000610
4753.65576172,1132.18273926,0.71100003,210077.00000000,16.67200089,-132.69999695
4753.65625000,1132.18261719,0.66799998,210578.00000000,16.66799927,-207.50000000
4753.65625000,1132.18261719,0.66799998,211079.00000000,16.67200089,-115.40000153
4753.65625000,1132.18249512,0.67100000,211581.00000000,16.67200089,-100.19999695
4753.65625000,1132.18249512,0.67100000,212082.00000000,16.66799927,-158.19999695
4753.65625000,1132.18225098,0.85900003,212583.00000000,16.66399956,-258.20001221
4753.65625000,1132.18225098,0.85900003,213084.00000000,16.65999985,-294.20001221
4753.65673828,1132.18200684,0.50300002,213585.00000000,16.66399956,-226.80000305
4753.65673828,1132.18200684,0.50300002,214086.00000000,16.66799927,-220.00000000
4753.65673828,1132.18176270,0.71200001,214587.00000000,16.66799927,-185.89999390
4753.65673828,1132.18176270,0.71200001,215088.00000000,16.66799927,-187.60000610
4753.65673828,1132.18151855,0.62599999,215590.00000000,16.65999985,-422.29998779
4753.65673828,1132.18151855,0.62599999,216091.00000000,16.66799927,-247.10000610
4753.65673828,1132.18151855,0.62599999,216592.00000000,16.65999985,-352.79998779
4753.65673828,1132.18115234,0.62599999,217094.00000000,16.66799927,-223.60000610
4753.65673828,1132.18090820,0.69999999,217595.00000000,16.66799927,-201.39999390
4753.65673828,1132.18090820,0.69999999,218097.00000000,16.65600014,-405.29998779
4753.65673828,1132.18066406,0.68199998,218598.00000000,16.66799927,-102.80000305
4753.65673828,1132.18066406,0.68199998,219099.00000000,16.66799927,-141.89999390
4753.65722656,1132.18054199,0.61400002,219600.00000000,16.67600060,-108.69999695
4753.65722656,1132.18054199,0.61400002,220102.00000000,16.66799927,-165.89999390
4753.65722656,1132.18054199,0.61400002,220603.00000000,16.66799927,-237.39999390
4753.65722656,1132.18041992,0.61400002,221105.00000000,16.66799927,-169.30000305
4753.65722656,1132.18041992,0.61400002,221606.00000000,16.65600014,-323.79998779
4753.65722656,1132.18029785,0.61400002,222108.00000000,16.67200089,-129.69999695
4753.65722656,1132.18029785,0.61400002,222609.00000000,16.67200089,-75.90000153
4753.65771484,1132.18017578,0.61400002,223110.00000000,16.66799927,-231.39999390
4753.65771484,1132.18017578,0.61400002,223612.00000000,16.67200089,-117.00000000
4753.65771484,1132.18017578,0.61400002,224113.00000000,16.66799927,-234.89999390
4753.65771484,1132.18017578,0.61400002,224615.00000000,16.66799927,-187.39999390
4753.65771484,1132.18005371,0.61400002,225116.00000000,16.67200089,-136.69999695
4753.65820312,1132.18017578,0.80199999,225617.00000000,16.66399956,-280.89999390
4753.65820312,1132.18017578,0.80199999,226119.00000000,16.66399956,-224.69999695
4753.65820312,1132.18017578,1.05499995,226620.00000000,16.66399956,-247.10000610
4753.65820312,1132.18017578,1.05499995,227123.00000000,16.66799927,-106.50000000
4753.65820312,1132.18017578,1.05499995,227624.00000000,16.66799927,-103.40000153
4753.65869141,1132.18005371,1.05499995,228125.00000000,16.65600014,-387.10000610
4753.65869141,1132.18005371,1.05499995,228627.00000000,16.67200089,-94.50000000
4753.65869141,1132.18005371,1.05499995,229128.00000000,16.66799927,-224.89999390
4753.65869141,1132.17993164,0.69599998,229629.00000000,16.67600060,-74.69999695
4753.65869141,1132.17993164,0.69599998,230131.00000000,16.66799927,-158.10000610
4753.65917969,1132.17956543,0.79400003,230632.00000000,16.65600014,-304.50000000
4753.65917969,1132.17956543,0.79400003,231133.00000000,16.66399956,-177.80000305
4753.65917969,1132.17932129,0.74900001,231635.00000000,16.66799927,-203.19999695
4753.65917969,1132.17932129,0.74900001,232136.00000000,16.66799927,-194.60000610
4753.65917969,1132.17895508,0.75300002,232637.00000000,16.66799927,-165.19999695
4753.65917969,1132.17895508,0.75300002,233139.00000000,16.65200043,-433.70001221
4753.65917969,1132.17858887,0.64099997,233640.00000000,16.66399956,-215.69999695
4753.65917969,1132.17858887,0.64099997,234141.00000000,16.65999985,-338.60000610
4753.65917969,1132.17834473,0.78299999,234643.00000000,16.65999985,-269.29998779
4753.65917969,1132.17834473,0.78299999,235144.00000000,16.66399956,-194.19999695
4753.65917969,1132.17797852,0.67100000,235645.00000000,16.65600014,-362.79998779
4753.65917969,1132.17797852,0.67100000,236147.00000000,16.67200089,-100.00000000
4753.65917969,1132.17773438,0.72700000,236648.00000000,16.66399956,-242.60000610
4753.65917969,1132.17773438,0.72700000,237150.00000000,16.66799927,-113.40000153
4753.65917969,1132.17736816,0.75400001,237651.00000000,16.67200089,-81.59999847
4753.65917969,1132.17736816,0.75400001,238152.00000000,16.65999985,-263.60000610
4753.65917969,1132.17736816,0.75400001,238654.00000000,16.66799927,-132.00000000
4753.65917969,1132.17712402,0.75400001,239155.00000000,16.66399956,-282.70001221
4753.65917969,1132.17687988,0.65899998,239657.00000000,16.66799927,-107.00000000
4753.65917969,1132.17687988,0.65899998,240158.00000000,16.66799927,-93.50000000
4753.65966797,1132.17675781,0.51400000,240659.00000000,16.65200043,-468.50000000
4753.65966797,1132.17675781,0.51400000,241160.00000000,16.66799927,-163.10000610
4753.65966797,1132.17675781,0.51400000,241662.00000000,16.65200043,-503.39999390
4753.65966797,1132.17663574,0.51400000,242163.00000000,16.66799927,-167.80000305
4753.65966797,1132.17663574,0.72100002,242664.00000000,16.67200089,-107.19999695
4753.65966797,1132.17663574,0.72100002,243165.00000000,16.65600014,-391.39999390
4753.66015625,1132.17675781,0.65799999,243667.00000000,16.66799927,-258.20001221
4753.66015625,1132.17675781,0.65799999,244168.00000000,16.65200043,-437.20001221
4753.66015625,1132.17675781,0.74900001,244669.00000000,16.66399956,-199.69999695
4753.66015625,1132.17675781,0.74900001,245170.00000000,16.67200089,-94.69999695
4753.66015625,1132.17675781,0.68800002,245671.00000000,16.65999985,-340.20001221
4753.66015625,1132.17675781,0.68800002,246172.00000000,16.66799927,-187.30000305
4753.66015625,1132.17675781,0.68800002,246674.00000000,16.65999985,-350.29998779
4753.66015625,1132.17675781,0.68800002,247175.00000000,16.67200089,-53.29999924
4753.66015625,1132.17651367,0.36899999,247676.00000000,16.66799927,-124.59999847
4753.66015625,1132.17651367,0.36899999,248178.00000000,16.65600014,-375.50000000
4753.66064453,1132.17639160,0.39800000,248679.00000000,16.65999985,-248.10000610
4753.66064453,1132.17639160,0.39800000,249180.00000000,16.65200043,-374.10000610
4753.66064453,1132.17626953,0.20900001,249682.00000000,16.66799927,-40.50000000
4753.66064453,1132.17626953,0.20900001,250183.00000000,16.66799927,-59.79999924
4753.66064453,1132.17626953,0.20900001,250684.00000000,16.64800072,-541.59997559
4753.66064453,1132.17626953,0.20900001,251186.00000000,16.66399956,-203.60000610
4753.66064453,1132.17614746,0.54500002,251687.00000000,16.64800072,-517.79998779
4753.66064453,1132.17614746,0.54500002,252188.00000000,16.65600014,-305.89999390
4753.66064453,1132.17602539,0.69400001,252689.00000000,16.66799927,-149.10000610
4753.66064453,1132.17602539,0.69400001,253190.00000000,16.64800072,-544.50000000
4753.66064453,1132.17590332,0.31799999,253691.00000000,16.66399956,-203.10000610
4753.66064453,1132.17590332,0.31799999,254192.00000000,16.66799927,-155.30000305
4753.66064453,1132.17565918,0.43799999,254693.00000000,16.66799927,-140.60000610
4753.66064453,1132.17565918,0.43799999,255195.00000000,16.66799927,-120.09999847
4753.66113281,1132.17553711,0.43799999,255696.00000000,16.64800072,-471.00000000
4753.66113281,1132.17553711,0.43799999,256197.00000000,16.65600014,-278.20001221
4753.66113281,1132.17553711,0.43799999,256699.00000000,16.65999985,-254.39999390
4753.66113281,1132.17529297,0.43799999,257200.00000000,16.65999985,-273.00000000
4753.66113281,1132.17517090,0.54299998,257701.00000000,16.67200089,-109.90000153
4753.66113281,1132.17517090,0.54299998,258202.00000000,16.65200043,-391.00000000
4753.66113281,1132.17504883,0.42699999,258703.00000000,16.66799927,-156.10000610
4753.66113281,1132.17504883,0.42699999,259205.00000000,16.65999985,-245.39999390
4753.66113281,1132.17492676,0.42300001,259706.00000000,16.66799927,-150.39999390
4753.66113281,1132.17492676,0.42300001,260207.00000000,16.66399956,-100.40000153
4753.66113281,1132.17480469,0.52200001,260708.00000000,16.65200043,-330.20001221
4753.66113281,1132.17480469,0.52200001,261210.00000000,16.66399956,-149.89999390
4753.66113281,1132.17480469,0.52200001,261712.00000000,16.64800072,-401.20001221
4753.66162109,1132.17456055,0.52200001,262213.00000000,16.65999985,-197.60000610
4753.66162109,1132.17456055,0.52200001,262714.00000000,16.66799927,-77.30000305
4753.66162109,1132.17431641,0.52200001,263216.00000000,16.65600014,-341.60000610
4753.66162109,1132.17407227,0.59200001,263717.00000000,16.66399956,-167.69999695
4753.66162109,1132.17407227,0.59200001,264219.00000000,16.64800072,-466.79998779
4753.66162109,1132.17395020,0.38299999,264720.00000000,16.65200043,-403.00000000
4753.66162109,1132.17395020,0.38299999,265221.00000000,16.65999985,-238.89999390
4753.66210938,1132.17395020,0.11300000,265722.00000000,16.64800072,-496.70001221
4753.66210938,1132.17395020,0.11300000,266224.00000000,16.65999985,-217.00000000
4753.66210938,1132.17382812,0.41900000,266726.00000000,16.65999985,-227.10000610
4753.66210938,1132.17382812,0.41900000,267227.00000000,16.66399956,-136.30000305
4753.66210938,1132.17358398,0.60299999,267728.00000000,16.67200089,-44.70000076
4753.66210938,1132.17358398,0.60299999,268229.00000000,16.64800072,-355.00000000
4753.66210938,1132.17346191,0.52200001,268730.00000000,16.66799927,-136.39999390
4753.66210938,1132.17346191,0.52200001,269232.00000000,16.65200043,-318.60000610
4753.66210938,1132.17321777,0.52300000,269733.00000000,16.66399956,-158.30000305
4753.66210938,1132.17321777,0.52300000,270234.00000000,16.66799927,-55.09999847
4753.66210938,1132.17309570,0.58200002,270735.00000000,16.64800072,-454.29998779
4753.66210938,1132.17309570,0.58200002,271237.00000000,16.66399956,-155.39999390
4753.66259766,1132.17272949,0.69499999,271739.00000000,16.65200043,-351.60000610
4753.66259766,1132.17272949,0.69499999,272240.00000000,16.65600014,-285.70001221
4753.66259766,1132.17248535,0.91200000,272742.00000000,16.66399956,-113.09999847
4753.66259766,1132.17248535,0.91200000,273243.00000000,16.64800072,-390.20001221
4753.66259766,1132.17236328,0.67400002,273745.00000000,16.66399956,-130.89999390
4753.66259766,1132.17236328,0.67400002,274247.00000000,16.65999985,-176.80000305
4753.66259766,1132.17211914,0.63800001,274748.00000000,16.65999985,-242.30000305
4753.66259766,1132.17211914,0.63800001,275249.00000000,16.66399956,-79.90000153
4753.66308594,1132.17187500,0.63800001,275751.00000000,16.64800072,-429.60000610
4753.66308594,1132.17187500,0.63800001,276252.00000000,16.66399956,-125.00000000
4753.66308594,1132.17187500,0.63800001,276753.00000000,16.66399956,-173.89999390
4753.66308594,1132.17163086,0.63800001,277254.00000000,16.65999985,-166.19999695
4753.66308594,1132.17163086,0.63800001,277755.00000000,16.66399956,-87.00000000
4753.66308594,1132.17163086,0.63800001,278256.00000000,16.64399910,-477.89999390
4753.66308594,1132.17163086,0.14800000,278757.00000000,16.66799927,-133.89999390
4753.66308594,1132.17163086,0.14800000,279259.00000000,16.65600014,-208.80000305
4753.66308594,1132.17163086,0.14800000,279761.00000000,16.65600014,-253.00000000
4753.66308594,1132.17163086,0.14800000,280262.00000000,16.65600014,-246.00000000
4753.66308594,1132.17150879,0.10900000,280763.00000000,16.63599968,-648.59997559
4753.66308594,1132.17150879,0.10900000,281265.00000000,16.65999985,-183.30000305
4753.66308594,1132.17138672,0.32400000,281766.00000000,16.65600014,-260.79998779
4753.66308594,1132.17138672,0.32400000,282267.00000000,16.65200043,-323.10000610
4753.66308594,1132.17126465,0.73100001,282768.00000000,16.65200043,-386.79998779
4753.66308594,1132.17126465,0.73100001,283269.00000000,16.63999939,-518.79998779
4753.66308594,1132.17114258,0.44999999,283770.00000000,16.65999985,-222.10000610
4753.66308594,1132.17114258,0.44999999,284271.00000000,16.65200043,-326.70001221
4753.66308594,1132.17114258,0.44999999,284772.00000000,16.65999985,-243.69999695
4753.66357422,1132.17089844,0.44999999,285274.00000000,16.65600014,-248.60000610
4753.66357422,1132.17077637,0.44999999,285775.00000000,16.64800072,-401.89999390
4753.66357422,1132.17077637,0.44999999,286276.00000000,16.65999985,-167.69999695
4753.66357422,1132.17065430,0.39500001,286778.00000000,16.65600014,-292.50000000
4753.66357422,1132.17065430,0.39500001,287279.00000000,16.65999985,-126.90000153
4753.66357422,1132.17041016,0.71200001,287780.00000000,16.65600014,-226.60000610
4753.66357422,1132.17041016,0.71200001,288281.00000000,16.65200043,-327.20001221
4753.66357422,1132.17016602,0.61600000,288782.00000000,16.66399956,-139.89999390
4753.66357422,1132.17016602,0.61600000,289284.00000000,16.65200043,-250.89999390
4753.66357422,1132.17004395,0.54900002,289785.00000000,16.65999985,-142.69999695
4753.66357422,1132.17004395,0.54900002,290287.00000000,16.65999985,-174.60000610
4753.66357422,1132.17004395,0.54900002,290789.00000000,16.64800072,-473.00000000
4753.66406250,1132.16979980,0.54900002,291291.00000000,16.65999985,-187.10000610
4753.66406250,1132.16955566,0.73299998,291792.00000000,16.65200043,-324.70001221
4753.66406250,1132.16955566,0.73299998,292293.00000000,16.66399956,-150.69999695
4753.66406250,1132.16931152,0.83200002,292794.00000000,16.65999985,-173.19999695
4753.66406250,1132.16931152,0.83200002,293295.00000000,16.65200043,-365.00000000
4753.66406250,1132.16906738,0.83200002,293796.00000000,16.65999985,-151.89999390
4753.66406250,1132.16906738,0.83200002,294298.00000000,16.65600014,-231.69999695
4753.66406250,1132.16882324,0.76499999,294799.00000000,16.65999985,-260.70001221
4753.66406250,1132.16882324,0.76499999,295300.00000000,16.65600014,-288.70001221
4753.66406250,1132.16857910,0.76499999,295801.00000000,16.64800072,-443.10000610
4753.66406250,1132.16857910,0.76499999,296302.00000000,16.65999985,-238.30000305
4753.66455078,1132.16833496,0.72000003,296804.00000000,16.65200043,-262.50000000
4753.66455078,1132.16833496,0.72000003,297305.00000000,16.66399956,-107.00000000
4753.66455078,1132.16809082,0.76300001,297806.00000000,16.66799927,-71.40000153
4753.66455078,1132.16809082,0.76300001,298307.00000000,16.65200043,-339.50000000
4753.66455078,1132.16784668,0.76300001,298808.00000000,16.65999985,-130.80000305
4753.66455078,1132.16784668,0.76300001,299309.00000000,16.64800072,-296.20001221
4753.66455078,1132.16772461,0.76300001,299810.00000000,16.65600014,-174.30000305
4753.66455078,1132.16772461,0.76300001,300311.00000000,16.65600014,-245.89999390
4753.66503906,1132.16748047,0.63599998,300812.00000000,16.65200043,-322.89999390
4753.66503906,1132.16748047,0.63599998,301313.00000000,16.65600014,-160.00000000
4753.66503906,1132.16723633,0.76200002,301814.00000000,16.65200043,-308.89999390
4753.66503906,1132.16723633,0.76200002,302315.00000000,16.65600014,-238.39999390
4753.66503906,1132.16699219,0.76200002,302817.00000000,16.65200043,-290.50000000
4753.66503906,1132.16699219,0.76200002,303319.00000000,16.65200043,-386.00000000
4753.66552734,1132.16674805,0.69000000,303820.00000000,16.65999985,-187.10000610
4753.66552734,1132.16674805,0.69000000,304321.00000000,16.65200043,-304.29998779
4753.66552734,1132.16650391,0.69000000,304822.00000000,16.65600014,-193.30000305
4753.66552734,1132.16650391,0.69000000,305323.00000000,16.66399956,-87.50000000
4753.66552734,1132.16638184,0.60600001,305824.00000000,16.64399910,-397.89999390
4753.66552734,1132.16638184,0.60600001,306326.00000000,16.65600014,-180.10000610
4753.66552734,1132.16613770,0.68300003,306827.00000000,16.65200043,-304.39999390
4753.66552734,1132.16613770,0.68300003,307328.00000000,16.65999985,-178.50000000
4753.66601562,1132.16589355,0.75099999,307829.00000000,16.65600014,-246.69999695
4753.66601562,1132.16589355,0.75099999,308330.00000000,16.66399956,-148.19999695
4753.66601562,1132.16577148,0.74299997,308831.00000000,16.65999985,-191.00000000
4753.66601562,1132.16577148,0.74299997,309332.00000000,16.65600014,-218.19999695
4753.66601562,1132.16564941,0.44800001,309834.00000000,16.65999985,-56.79999924
4753.66601562,1132.16564941,0.44800001,310335.00000000,16.66399956,-101.30000305
4753.66650391,1132.16552734,0.59899998,310837.00000000,16.65600014,-181.19999695
4753.66650391,1132.16552734,0.59899998,311339.00000000,16.65600014,-167.30000305
4753.66650391,1132.16528320,0.73100001,311840.00000000,16.65200043,-286.89999390
4753.66650391,1132.16528320,0.73100001,312342.00000000,16.65600014,-151.60000610
4753.66650391,1132.16503906,0.73100001,312843.00000000,16.64800072,-323.79998779
4753.66650391,1132.16503906,0.73100001,313345.00000000,16.64800072,-306.39999390
4753.66699219,1132.16479492,0.69099998,313846.00000000,16.64399910,-432.10000610
4753.66699219,1132.16479492,0.69099998,314347.00000000,16.63999939,-439.50000000
4753.66699219,1132.16467285,0.08300000,314848.00000000,16.65200043,-248.60000610
4753.66699219,1132.16467285,0.08300000,315349.00000000,16.65600014,-224.69999695
4753.66699219,1132.16467285,0.07200000,315850.00000000,16.60799980,-1077.00000000
4753.66699219,1132.16467285,0.07200000,316351.00000000,16.63999939,-453.20001221
4753.66699219,1132.16479492,0.07200000,316852.00000000,16.63599968,-571.59997559
4753.66699219,1132.16479492,0.07200000,317353.00000000,16.62800026,-667.79998779
4753.66699219,1132.16479492,0.18700001,317854.00000000,16.65200043,-331.00000000
4753.66699219,1132.16479492,0.18700001,318355.00000000,16.63599968,-567.70001221
4753.66699219,1132.16479492,0.18700001,318856.00000000,16.63999939,-411.60000610
4753.66699219,1132.16479492,0.18700001,319357.00000000,16.64800072,-285.60000610
4753.66699219,1132.16479492,0.18000001,319859.00000000,16.64399910,-386.29998779
4753.66699219,1132.16479492,0.18000001,320361.00000000,16.65600014,-148.50000000
4753.66699219,1132.16503906,0.89800000,320863.00000000,16.65200043,-143.89999390
4753.66699219,1132.16503906,0.89800000,321365.00000000,16.64800072,-252.50000000
4753.66699219,1132.16491699,0.46300000,321867.00000000,16.65600014,-139.50000000
4753.66699219,1132.16491699,0.46300000,322368.00000000,16.65200043,-212.00000000
4753.66699219,1132.16479492,0.60600001,322870.00000000,16.65600014,-194.89999390
4753.66699219,1132.16479492,0.60600001,323372.00000000,16.65200043,-231.60000610
4753.66699219,1132.16455078,0.11100000,323873.00000000,16.63999939,-375.50000000
4753.66699219,1132.16455078,0.11100000,324374.00000000,16.65600014,-75.30000305
4753.66699219,1132.16455078,0.11100000,324876.00000000,16.64399910,-385.70001221
4753.66699219,1132.16455078,0.11100000,325378.00000000,16.65600014,-156.89999390
4753.66699219,1132.16442871,0.08300000,325879.00000000,16.65999985,-90.40000153
4753.66699219,1132.16442871,0.08300000,326380.00000000,16.65600014,-167.00000000
4753.66699219,1132.16442871,0.06100000,326881.00000000,16.65999985,-48.59999847
4753.66699219,1132.16442871,0.06100000,327382.00000000,16.65200043,-237.10000610
4753.66699219,1132.16442871,0.06100000,327883.00000000,16.58399963,-95.30000305
